L1,L2,L3,total
1.650995999625593,0.2604909996080096,0.004274999810149893,1.9157619990437524
0.6657269996139803,0.13372000012168428,0.0034449994927854277,0.80289199922845
0.47225700018316275,0.13186999967729207,0.0018880000425269827,0.6060149999029818
0.5017299999963143,0.1512299995738431,0.0017890006347442977,0.6547490002049017
0.427863999902911,0.14506200022879057,0.0018149994502891786,0.5747409995819908
0.44257799982005963,0.17603299966140185,0.0015529994925600477,0.6201639989740215
0.3867579998768633,0.12965099995199125,0.0014769993867957965,0.5178859992156504
0.38285399932647124,0.11884099967574002,0.0014269999155658297,0.5031219989177771
0.3968639994127443,0.12290799986658385,0.0014629995348514058,0.5212349988141796
0.3612829996200162,0.11449799967522267,0.0013079998097964562,0.4770889991050353
0.38312000015139347,0.14280699997470947,0.0021280002329149283,0.5280550003590179
0.44283999977778876,0.17302900050708558,0.0016860003597685136,0.6175550006446429
0.45393300024443306,0.12166799933766015,0.0015870000424911268,0.5771879996245843
0.5469970001286129,0.1337650001005386,0.0015750001693959348,0.6823370003985474
0.38580199998250464,0.146475000292412,0.001511999471404124,0.5337889997463208
0.3425249997235369,0.1440719997845008,0.0013899998521083035,0.487986999360146
0.5850320003446541,0.12014500043733278,0.0017370002751704305,0.7069140010571573
0.42900300013570813,0.1269290005438961,0.0020860006770817563,0.558018001356686
0.593804000345699,0.15888800044194795,0.0017599995771888644,0.7544520003648358
0.34780799978761934,0.12912800048070494,0.0020259994926163927,0.47896199976094067
0.3863580004690448,0.11684600031003356,0.0017209995348821394,0.5049250003139605
0.3152610006509349,0.1229839999723481,0.001561000317451544,0.4398060009407345
0.30072499976085965,0.12102900018362561,0.0014239994925446808,0.42317799943702994
0.30793599944445305,0.12287199933780357,0.001263000740436837,0.43207099952269346
0.34188799963885685,0.1787450000847457,0.002071999915642664,0.5227049996392452
0.30505299946526065,0.12735099971905584,0.0016109997886815108,0.434014998972998
0.284866000583861,0.12201699973957147,0.001258999873243738,0.40814200019667624
0.3136870000162162,0.14795900005992735,0.00210799953492824,0.4637539996110718
0.3419340000618831,0.1632939993214677,0.0020170000425423495,0.5072449994258932
0.34532399968156824,0.12452400005713571,0.0017419997675460763,0.47158999950625
0.3209180003977963,0.11829399954876862,0.001880000127130188,0.4410920000736951
0.32738699974288465,0.14889100020809565,0.0015660007193218917,0.4778440006703022
0.48382400018454064,0.1808889992389595,0.0022220001483219676,0.6669349995718221
0.3646710001703468,0.19932099985453533,0.0018199998521595262,0.5658119998770417
0.31284499982575653,0.1307499996983097,0.0012250002328073606,0.4448199997568736
0.33342300048389006,0.11294799969618907,0.0012400005289237015,0.44761100070900284
0.27735200001188787,0.16191099985007895,0.0020770003175130114,0.44134000017947983
0.3232469998692977,0.1373350005451357,0.001252999936696142,0.46183500035112957
0.27117399986309465,0.11854100011987612,0.001056999280990567,0.39077199926396133
0.2797879997160635,0.12987399986741366,0.0012869995771325193,0.4109489991606097
0.26325199996790616,0.1304139996136655,0.0016189997040783055,0.39528499928565
0.29421700037346454,0.14116500005911803,0.0019340004655532539,0.4373160008981358
0.3314519999548793,0.12312000035308301,0.0018049995560431853,0.4563769998640055
0.29373100005614106,0.11032699967472581,0.001231999704032205,0.4052899994348991
0.27895400035049533,0.11364400052116252,0.0012000000424450263,0.3937980009141029
0.3197579999323352,0.1112709996959893,0.0012169994079158641,0.4322459990362404
0.23570200028188992,0.12789900029019918,0.0013110002328176051,0.3649120008049067
0.22619399987888755,0.1132850002250052,0.0011830006769741885,0.34066200078086695
0.25860000005195616,0.11938599982386222,0.0011530000847415067,0.3791389999605599
0.37976399926265003,0.1294840003538411,0.0018929995349026285,0.5111409991513938
0.39215000015246915,0.2109099996232544,0.0018760001694317907,0.6049359999451553
0.3560619998097536,0.13673200010089204,0.0012880000213044696,0.4940819999319501
0.29950299995107343,0.12296900058572646,0.0011769998309318908,0.4236490003677318
0.2943600002254243,0.11108599937870167,0.0011859992810059339,0.4066319988851319
0.32470999940414913,0.13579000005847774,0.002015000063693151,0.46251499952632
0.30696799967699917,0.11734500003512949,0.001430999873264227,0.4257439995853929
0.308356000459753,0.11408699992898619,0.001442999746359419,0.4238860001350986
0.23642199994355906,0.11703800009854604,0.0012660002539632842,0.3547260002960684
0.363891000233707,0.09489199965173611,0.00121100038086297,0.4599940002663061
0.32251799984805984,0.1599790002728696,0.0015200002962956205,0.48401700041722506
0.31554999986838084,0.1210390000778716,0.001901000359794125,0.43849000030604657
0.32800300050439546,0.12603600043803453,0.001291999979002867,0.45533100092143286
0.2838609998434549,0.11832500058517326,0.001184000211651437,0.4033700006402796
0.22667600023851264,0.1264689999516122,0.0011929996617254801,0.3543379998518503
0.29239800005598227,0.12178399992990308,0.0012150003385613672,0.4153970003244467
0.2920560000347905,0.11848499980260385,0.0015879995771683753,0.4121289994145627
0.4159890004302724,0.1647119997869595,0.001948999852174893,0.5826500000694068
0.4343629998402321,0.19077900014963234,0.002140999640687369,0.6272829996305518
0.4173220004304312,0.11564099986571819,0.001952000275196042,0.5349150005713454
0.3313110000817687,0.12682000033237273,0.0014179995559970848,0.45954899997013854
0.29683299999305746,0.10997699973813724,0.0013360004231799394,0.40814600015437463
0.35561299955588765,0.1746320003803703,0.0021800005924887955,0.5324250005287468
0.34997400052816374,0.130183000692341,0.0012370001059025526,0.4813940013264073
0.33322200033580884,0.12495100054366048,0.0011379997886251658,0.4593110006680945
0.2867900002456736,0.1070890002665692,0.001225999767484609,0.3951050002797274
0.34624599993549054,0.11337100022501545,0.0012860000424552709,0.46090300020296127
0.2753970002231654,0.10530500003369525,0.001174999852082692,0.3818770001089433
0.3298439996797242,0.1253000000360771,0.0013179997040424496,0.4564619994198438
0.28621600085898535,0.10990499959007138,0.0012159998732386157,0.39733700032229535
0.2936929995485116,0.11901000016223406,0.0012300006346777081,0.41393300034542335
0.3087960003540502,0.11596999956964282,0.0013059998309472576,0.4260719997546403
0.22675899981550174,0.14599099995393772,0.0012399996194289997,0.37398999938886845
0.36904199987475295,0.18365599953540368,0.001931000042532105,0.5546289994526887
0.40129199987859465,0.1331450002908241,0.0017029997252393514,0.5361399998946581
0.31465099982597167,0.14172200008033542,0.0012460004654712975,0.4576190003717784
0.3429359994697734,0.11497500054247212,0.0011700003597070463,0.45908100037195254
0.2936289993158425,0.1143730005424004,0.0013199996828916483,0.4093219995411346
0.2549800001361291,0.09404699994775001,0.0012660002539632842,0.3502930003378424
0.28531000043585664,0.11294100022496423,0.0012480004443204962,0.39949900110514136
0.2731750000748434,0.10355900030845078,0.0012719992810161784,0.37800599966431037
0.29248299961182056,0.09914099973684642,0.001235000127053354,0.39285899947572034
0.28485399980127113,0.0928089993976755,0.0011730007827281952,0.37883599998167483
0.2717059996939497,0.10617200041451724,0.0012270002116565593,0.3791050003201235
0.28418400052032666,0.12188100026833126,0.0011800002539530396,0.40724500104261097
0.2750169996943441,0.11420400005590636,0.0013130002116668038,0.3905339999619173
0.31476399999519344,0.10414400003355695,0.0011890006135217845,0.4200970006422722
0.2906139998231083,0.09643999965192052,0.0012270002116565593,0.3882809996866854
0.3050340001209406,0.11739699948520865,0.0012399996194289997,0.42367099922557827
0.2904499997384846,0.09727399992698338,0.001235000127053354,0.38895899979252135
0.25450900011492195,0.09816100009629736,0.0012639993656193838,0.3539339995768387
