question,ground_truth,contexts,evolution_type,answer,faithfulness,answer_relevancy,context_precision,context_recall
Tên hoạt động sản xuất kinh doanh là gì?,Hoạt động sản xuất kinh doanh thông thường,['Stub context for Tên hoạt động sản xuất kinh doanh là gì?'],simple,Stub answer for: Tên hoạt động sản xuất kinh doanh là gì?,0.78,0.82,0.7,0.75
Bảng có cột nào về thuế giá trị gia tăng?,Thue gia tri gia tang,['Stub context for Bảng có cột nào về thuế giá trị gia tăng?'],simple,Stub answer for: Bảng có cột nào về thuế giá trị gia tăng?,0.76,0.81,0.68,0.76
Chỉ tiêu [43] bằng bao nhiêu theo đoạn trích?,0,['Stub context for Chỉ tiêu [43] bằng bao nhiêu theo đoạn trích?'],simple,Stub answer for: Chỉ tiêu [43] bằng bao nhiêu theo đoạn trích?,0.74,0.8,0.7,0.77
Luật Tổ chức Chính phủ được thông qua vào ngày nào?,Ngày 19 tháng 6 năm 2015.,['Stub context for Luật Tổ chức Chính phủ được thông qua vào ngày nào?'],simple,Stub answer for: Luật Tổ chức Chính phủ được thông qua vào ngày nào?,0.72,0.82,0.68,0.78
Nghị định này áp dụng đối với những đối tượng nào?,"Cơ quan, tổ chức, cá nhân Việt Nam; cơ quan, tổ chức, cá nhân nước ngoài tại Việt Nam; cơ quan, tổ chức, cá nhân Việt Nam hoạt động tại nước ngoài; và cơ quan, tổ chức, cá nhân nước ngoài trực tiếp tham gia hoặc có liên quan đến hoạt động xử lý dữ liệu cá nhân tại Việt Nam.",['Stub context for Nghị định này áp dụng đối với những đối tượng nào?'],simple,Stub answer for: Nghị định này áp dụng đối với những đối tượng nào?,0.78,0.81,0.7,0.79
Dữ liệu cá nhân cơ bản bao gồm những gì?,"Họ, chữ đệm và tên khai sinh; ngày, tháng, năm sinh; giới tính; nơi sinh, nơi đăng ký khai sinh, nơi thường trú, nơi tạm trú, nơi ở hiện tại, quê quán, địa chỉ liên hệ; quốc tịch; hình ảnh của cá nhân; số điện thoại, số CMND, số định danh cá nhân, số hộ chiếu, số giấy phép lái xe, số biển số xe.",['Stub context for Dữ liệu cá nhân cơ bản bao gồm những gì?'],simple,Stub answer for: Dữ liệu cá nhân cơ bản bao gồm những gì?,0.76,0.8,0.68,0.75
Thông tin về đời sống tình dục của cá nhân thuộc loại dữ liệu nào?,Đó là dữ liệu cá nhân nhạy cảm.,['Stub context for Thông tin về đời sống tình dục của cá nhân thuộc loại dữ liệu nào?'],simple,Stub answer for: Thông tin về đời sống tình dục của cá nhân thuộc loại dữ liệu nào?,0.74,0.82,0.7,0.76
"Theo đoạn trích, xử lý dữ liệu cá nhân tự động là gì?","Là hình thức xử lý dữ liệu cá nhân được thực hiện bằng phương tiện điện tử nhằm đánh giá, phân tích, dự đoán hoạt động của một con người cụ thể.","['Stub context for Theo đoạn trích, xử lý dữ liệu cá nhân tự động là gì?']",simple,"Stub answer for: Theo đoạn trích, xử lý dữ liệu cá nhân tự động là gì?",0.72,0.81,0.68,0.77
Dữ liệu cá nhân chỉ được xử lý với mục đích nào?,"Dữ liệu cá nhân chỉ được xử lý đúng với mục đích đã được Bên Kiểm soát dữ liệu cá nhân, Bên Xử lý dữ liệu cá nhân, Bên Kiểm soát và xử lý dữ liệu cá nhân, Bên thứ ba đăng ký, tuyên bố về xử lý dữ liệu cá nhân.",['Stub context for Dữ liệu cá nhân chỉ được xử lý với mục đích nào?'],simple,Stub answer for: Dữ liệu cá nhân chỉ được xử lý với mục đích nào?,0.78,0.8,0.7,0.78
Dữ liệu cá nhân được lưu trữ trong khoảng thời gian như thế nào?,"Dữ liệu cá nhân chỉ được lưu trữ trong khoảng thời gian phù hợp với mục đích xử lý dữ liệu, trừ trường hợp pháp luật có quy định khác.",['Stub context for Dữ liệu cá nhân được lưu trữ trong khoảng thời gian như thế nào?'],simple,Stub answer for: Dữ liệu cá nhân được lưu trữ trong khoảng thời gian như thế nào?,0.76,0.82,0.68,0.79
"Cơ quan, tổ chức, cá nhân vi phạm quy định bảo vệ dữ liệu cá nhân có thể bị xử lý gì?","Có thể bị xử lý kỷ luật, xử phạt vi phạm hành chính, hoặc xử lý hình sự theo quy định.","['Stub context for Cơ quan, tổ chức, cá nhân vi phạm quy định bảo vệ dữ liệu cá nhân có thể bị xử lý gì?']",simple,"Stub answer for: Cơ quan, tổ chức, cá nhân vi phạm quy định bảo vệ dữ liệu cá nhân có thể bị xử lý gì?",0.74,0.81,0.7,0.75
Cơ quan nhà nước có thẩm quyền có nhiệm vụ gì liên quan đến bảo vệ dữ liệu cá nhân?,"Ban hành hoặc ban hành theo thẩm quyền văn bản quy phạm pháp luật và chỉ đạo, tổ chức thực hiện văn bản quy phạm pháp luật về bảo vệ dữ liệu cá nhân.",['Stub context for Cơ quan nhà nước có thẩm quyền có nhiệm vụ gì liên quan đến bảo vệ dữ liệu cá nhân?'],simple,Stub answer for: Cơ quan nhà nước có thẩm quyền có nhiệm vụ gì liên quan đến bảo vệ dữ liệu cá nhân?,0.72,0.8,0.68,0.76
Việc bảo vệ dữ liệu cá nhân được thực hiện theo những quy định nào?,"Theo quy định của các điều ước quốc tế mà nước Cộng hòa xã hội chủ nghĩa Việt Nam là thành viên, các quy định khác của Luật có liên quan và Nghị định này.",['Stub context for Việc bảo vệ dữ liệu cá nhân được thực hiện theo những quy định nào?'],simple,Stub answer for: Việc bảo vệ dữ liệu cá nhân được thực hiện theo những quy định nào?,0.78,0.82,0.7,0.77
Một trong các hoạt động hợp tác quốc tế được nêu trong đoạn trích là gì?,Chuyển giao công nghệ phục vụ bảo vệ dữ liệu cá nhân.,['Stub context for Một trong các hoạt động hợp tác quốc tế được nêu trong đoạn trích là gì?'],simple,Stub answer for: Một trong các hoạt động hợp tác quốc tế được nêu trong đoạn trích là gì?,0.76,0.81,0.68,0.78
Những hành vi nào bị nghiêm cấm liên quan đến bảo vệ dữ liệu cá nhân?,"Bao gồm: xử lý dữ liệu cá nhân trái với quy định của pháp luật; xử lý dữ liệu cá nhân để tạo ra thông tin, dữ liệu nhằm chống lại Nhà nước Cộng hòa xã hội chủ nghĩa Việt Nam; xử lý dữ liệu cá nhân để tạo ra thông tin, dữ liệu gây ảnh hưởng tới an ninh quốc gia, trật tự an toàn xã hội, quyền và lợi ích hợp pháp của tổ chức, cá nhân khác; cản trở hoạt động bảo vệ dữ liệu cá nhân của cơ quan có thẩm quyền; và lợi dụng hoạt động bảo vệ dữ liệu cá nhân để vi phạm pháp luật.",['Stub context for Những hành vi nào bị nghiêm cấm liên quan đến bảo vệ dữ liệu cá nhân?'],simple,Stub answer for: Những hành vi nào bị nghiêm cấm liên quan đến bảo vệ dữ liệu cá nhân?,0.74,0.8,0.7,0.79
Chủ thể dữ liệu có quyền gì đối với việc xử lý dữ liệu cá nhân của mình?,"Được đồng ý hoặc không đồng ý cho phép xử lý dữ liệu cá nhân của mình, trừ trường hợp quy định tại Điều 17 Nghị định này.",['Stub context for Chủ thể dữ liệu có quyền gì đối với việc xử lý dữ liệu cá nhân của mình?'],simple,Stub answer for: Chủ thể dữ liệu có quyền gì đối với việc xử lý dữ liệu cá nhân của mình?,0.72,0.82,0.68,0.75
"Ai có quyền truy cập, xem, chỉnh sửa hoặc yêu cầu chỉnh sửa dữ liệu cá nhân của mình?",Chủ thể dữ liệu.,"['Stub context for Ai có quyền truy cập, xem, chỉnh sửa hoặc yêu cầu chỉnh sửa dữ liệu cá nhân của mình?']",simple,"Stub answer for: Ai có quyền truy cập, xem, chỉnh sửa hoặc yêu cầu chỉnh sửa dữ liệu cá nhân của mình?",0.78,0.81,0.7,0.76
Việc hạn chế xử lý dữ liệu được thực hiện trong bao lâu sau khi có yêu cầu của chủ thể dữ liệu?,Trong 72 giờ sau khi có yêu cầu của chủ thể dữ liệu.,['Stub context for Việc hạn chế xử lý dữ liệu được thực hiện trong bao lâu sau khi có yêu cầu của chủ thể dữ liệu?'],simple,Stub answer for: Việc hạn chế xử lý dữ liệu được thực hiện trong bao lâu sau khi có yêu cầu của chủ thể dữ liệu?,0.76,0.8,0.68,0.77
Bên Kiểm soát dữ liệu cá nhân phải cung cấp dữ liệu cá nhân của ai?,Bên Kiểm soát và xử lý dữ liệu cá nhân cung cấp cho bản thân dữ liệu cá nhân của mình.,['Stub context for Bên Kiểm soát dữ liệu cá nhân phải cung cấp dữ liệu cá nhân của ai?'],simple,Stub answer for: Bên Kiểm soát dữ liệu cá nhân phải cung cấp dữ liệu cá nhân của ai?,0.74,0.82,0.7,0.78
Bên Kiểm soát dữ liệu cá nhân phải thực hiện yêu cầu của chủ thể dữ liệu trong bao lâu?,Trong 72 giờ sau khi nhận được yêu cầu.,['Stub context for Bên Kiểm soát dữ liệu cá nhân phải thực hiện yêu cầu của chủ thể dữ liệu trong bao lâu?'],simple,Stub answer for: Bên Kiểm soát dữ liệu cá nhân phải thực hiện yêu cầu của chủ thể dữ liệu trong bao lâu?,0.72,0.81,0.68,0.79
Chủ thể dữ liệu có quyền gì khi xảy ra vi phạm quy định về bảo vệ dữ liệu cá nhân của mình?,"Có quyền yêu cầu bồi thường thiệt hại theo quy định của pháp luật, trừ trường hợp các bên có thỏa thuận khác hoặc luật có quy định khác.",['Stub context for Chủ thể dữ liệu có quyền gì khi xảy ra vi phạm quy định về bảo vệ dữ liệu cá nhân của mình?'],simple,Stub answer for: Chủ thể dữ liệu có quyền gì khi xảy ra vi phạm quy định về bảo vệ dữ liệu cá nhân của mình?,0.78,0.8,0.7,0.75
Chủ thể dữ liệu có quyền gì theo quy định của Nghị định này?,"Chủ thể dữ liệu có quyền tự bảo vệ theo quy định của Bộ luật Dân sự, luật khác có liên quan và Nghị định này.",['Stub context for Chủ thể dữ liệu có quyền gì theo quy định của Nghị định này?'],simple,Stub answer for: Chủ thể dữ liệu có quyền gì theo quy định của Nghị định này?,0.76,0.82,0.68,0.76
Người có dữ liệu cá nhân có quyền gì theo đoạn trích?,"Tự bảo vệ dữ liệu cá nhân của mình; yêu cầu các tổ chức, cá nhân khác có liên quan bảo vệ dữ liệu cá nhân của mình.",['Stub context for Người có dữ liệu cá nhân có quyền gì theo đoạn trích?'],simple,Stub answer for: Người có dữ liệu cá nhân có quyền gì theo đoạn trích?,0.74,0.81,0.7,0.77
Nội dung chính của đoạn trích trong BCTC.md là gì?,(Apdungdoivoringuoinopthuetinhthuethcopiraongplapkhaa trircohogtdongsansuaitkinhdoanh) [0la]Tenhogt dong san xuat kinh doanh:Hogt dong san xuait kinh doanh thong thuong,['Stub context for Nội dung chính của đoạn trích trong BCTC.md là gì?'],reasoning,Stub answer for: Nội dung chính của đoạn trích trong BCTC.md là gì?,0.62,0.7,0.58,0.68
Nội dung chính của đoạn trích trong BCTC.md là gì?,"| STT   | Chi tieu                                                                                                                                                         | Gia trj hang hoa, djeh vg (chua eo thue gia trj gia tang)                                                  ",['Stub context for Nội dung chính của đoạn trích trong BCTC.md là gì?'],reasoning,Stub answer for: Nội dung chính của đoạn trích trong BCTC.md là gì?,0.68,0.72,0.6,0.69
Nội dung chính của đoạn trích trong BCTC.md là gì?,"|   4.1 | Thue gia tri gia tang de nghi hoan (142] ≤ [41])                              | [42]   |   0 |
|-------|-------------------------------------------------------------------------------|--------|-----|
|   4.2 | Thue gia tri gia tang con durge khau trir chuyen ky sau ([43",['Stub context for Nội dung chính của đoạn trích trong BCTC.md là gì?'],reasoning,Stub answer for: Nội dung chính của đoạn trích trong BCTC.md là gì?,0.66,0.71,0.58,0.65
"Dựa trên Snippet A và Snippet B, hãy xác định: (1) tên hoạt động sản xuất kinh doanh được nêu trong Snippet A là gì, và (2) theo Snippet B, một trong những quyền của cá nhân đối với dữ liệu cá nhân của mình là gì?","(1) Tên hoạt động sản xuất kinh doanh: Hoạt động sản xuất kinh doanh thông thường; (2) Tự bảo vệ dữ liệu cá nhân của mình, yêu cầu các tổ chức, cá nhân khác có liên quan bảo vệ dữ liệu cá nhân của mình.","['Stub context for Dựa trên Snippet A và Snippet B, hãy xác định: (1) tên hoạt động sản xuất kinh doanh được nêu trong Snippet A là gì, và (2) theo Snippet B, một trong những quyền của cá nhân đối với dữ liệu cá nhân của mình là gì?']",multi_context,"Stub answer for: Dựa trên Snippet A và Snippet B, hãy xác định: (1) tên hoạt động sản xuất kinh doanh được nêu trong Snippet A là gì, và (2) theo Snippet B, một trong những quyền của cá nhân đối với dữ liệu cá nhân của mình là gì?",0.58,0.64,0.54,0.6
"Dựa trên Snippet A và Snippet B, hãy xác định: (1) Snippet A đang thể hiện loại bảng biểu nào liên quan đến giá trị hàng hóa/dịch vụ và thuế, và (2) Snippet B đang nói về quyền gì của chủ thể dữ liệu theo quy định pháp luật?","Snippet A là một bảng kê/biểu mẫu về giá trị hàng hóa, dịch vụ và thuế giá trị gia tăng; Snippet B nói về quyền được bảo vệ dữ liệu cá nhân của chủ thể dữ liệu theo quy định của Bộ luật Dân sự và các văn bản liên quan.","['Stub context for Dựa trên Snippet A và Snippet B, hãy xác định: (1) Snippet A đang thể hiện loại bảng biểu nào liên quan đến giá trị hàng hóa/dịch vụ và thuế, và (2) Snippet B đang nói về quyền gì của chủ thể dữ liệu theo quy định pháp luật?']",multi_context,"Stub answer for: Dựa trên Snippet A và Snippet B, hãy xác định: (1) Snippet A đang thể hiện loại bảng biểu nào liên quan đến giá trị hàng hóa/dịch vụ và thuế, và (2) Snippet B đang nói về quyền gì của chủ thể dữ liệu theo quy định pháp luật?",0.56,0.66,0.52,0.61
"Dựa trên cả Snippet A và Snippet B, hãy cho biết: trong Snippet A, chỉ tiêu nào được ghi là ""Thue gia tri gia tang con durge khau trir chuyen ky sau"" và trong Snippet B, chủ thể dữ liệu có quyền gì khi xảy ra vi phạm quy định về bảo vệ dữ liệu cá nhân của mình?","Trong Snippet A, chỉ tiêu ""Thue gia tri gia tang con durge khau trir chuyen ky sau"" là mục 4.2, ký hiệu [43]. Trong Snippet B, chủ thể dữ liệu có quyền yêu cầu bồi thường thiệt hại theo quy định của pháp luật khi xảy ra vi phạm quy định về bảo vệ dữ liệu cá nhân của mình, trừ trường hợp các bên có thỏa thuận khác hoặc luật có quy định khác.","['Stub context for Dựa trên cả Snippet A và Snippet B, hãy cho biết: trong Snippet A, chỉ tiêu nào được ghi là ""Thue gia tri gia tang con durge khau trir chuyen ky sau"" và trong Snippet B, chủ thể dữ liệu có quyền gì khi xảy ra vi phạm quy định về bảo vệ dữ liệu cá nhân của mình?']",multi_context,"Stub answer for: Dựa trên cả Snippet A và Snippet B, hãy cho biết: trong Snippet A, chỉ tiêu nào được ghi là ""Thue gia tri gia tang con durge khau trir chuyen ky sau"" và trong Snippet B, chủ thể dữ liệu có quyền gì khi xảy ra vi phạm quy định về bảo vệ dữ liệu cá nhân của mình?",0.62,0.65,0.54,0.62
"Dựa trên Snippet A và Snippet B, hãy xác định: (1) Snippet A đang viện dẫn những đạo luật nào và ngày ban hành của chúng; (2) theo Snippet B, trong bao lâu bên kiểm soát dữ liệu cá nhân phải thực hiện yêu cầu của chủ thể dữ liệu sau khi nhận được yêu cầu?","Snippet A viện dẫn Luật Tổ chức Chính phủ ngày 19 tháng 6 năm 2015 và Luật sửa đổi, bổ sung một số điều của Luật Tổ chức Chính phủ và Luật Tổ chức chính quyền địa phương ngày 22 tháng 11 năm 2019; theo Snippet B, bên kiểm soát dữ liệu cá nhân phải thực hiện yêu cầu của chủ thể dữ liệu trong 72 giờ sau khi nhận được yêu cầu, trừ trường hợp luật có quy định khác.","['Stub context for Dựa trên Snippet A và Snippet B, hãy xác định: (1) Snippet A đang viện dẫn những đạo luật nào và ngày ban hành của chúng; (2) theo Snippet B, trong bao lâu bên kiểm soát dữ liệu cá nhân phải thực hiện yêu cầu của chủ thể dữ liệu sau khi nhận được yêu cầu?']",multi_context,"Stub answer for: Dựa trên Snippet A và Snippet B, hãy xác định: (1) Snippet A đang viện dẫn những đạo luật nào và ngày ban hành của chúng; (2) theo Snippet B, trong bao lâu bên kiểm soát dữ liệu cá nhân phải thực hiện yêu cầu của chủ thể dữ liệu sau khi nhận được yêu cầu?",0.6,0.64,0.52,0.63
"Theo Nghị định trong Snippet A, quy định về bảo vệ dữ liệu cá nhân áp dụng cho những đối tượng nào, và theo Snippet B thì chủ thể dữ liệu có quyền yêu cầu bên nào cung cấp dữ liệu cá nhân của chính mình?","Nghị định áp dụng đối với cơ quan, tổ chức, cá nhân Việt Nam; cơ quan, tổ chức, cá nhân nước ngoài tại Việt Nam; cơ quan, tổ chức, cá nhân Việt Nam hoạt động tại nước ngoài; và cơ quan, tổ chức, cá nhân nước ngoài trực tiếp tham gia hoặc có liên quan đến hoạt động xử lý dữ liệu cá nhân tại Việt Nam. Chủ thể dữ liệu được yêu cầu Bên Kiểm soát dữ liệu cá nhân, Bên Kiểm soát và xử lý dữ liệu cá nhân cung cấp cho bản thân dữ liệu cá nhân của mình, trừ trường hợp luật có quy định khác.","['Stub context for Theo Nghị định trong Snippet A, quy định về bảo vệ dữ liệu cá nhân áp dụng cho những đối tượng nào, và theo Snippet B thì chủ thể dữ liệu có quyền yêu cầu bên nào cung cấp dữ liệu cá nhân của chính mình?']",multi_context,"Stub answer for: Theo Nghị định trong Snippet A, quy định về bảo vệ dữ liệu cá nhân áp dụng cho những đối tượng nào, và theo Snippet B thì chủ thể dữ liệu có quyền yêu cầu bên nào cung cấp dữ liệu cá nhân của chính mình?",0.58,0.66,0.54,0.59
"Theo Snippet A, dữ liệu cá nhân bao gồm những loại thông tin nào và dữ liệu cá nhân cơ bản gồm các nhóm thông tin gì; đồng thời theo Snippet B, chủ thể dữ liệu có quyền gì đối với việc xử lý dữ liệu cá nhân của mình và việc hạn chế xử lý phải được thực hiện trong bao lâu sau khi có yêu cầu?","Theo Snippet A, dữ liệu cá nhân là thông tin dưới dạng ký hiệu, chữ viết, chữ số, hình ảnh, âm thanh hoặc dạng tương tự trên môi trường điện tử gắn liền với một con người cụ thể hoặc giúp xác định một con người cụ thể; dữ liệu cá nhân bao gồm dữ liệu cá nhân cơ bản và dữ liệu cá nhân nhạy cảm. Dữ liệu cá nhân cơ bản gồm: họ, chữ đệm và tên khai sinh, tên gọi khác (nếu có); ngày, tháng, năm sinh; ngày, tháng, năm chết hoặc mất tích; giới tính; nơi sinh, nơi đăng ký khai sinh, nơi thường trú, nơi tạm trú, nơi ở hiện tại, quê quán, địa chỉ liên hệ; quốc tịch; hình ảnh của cá nhân; số điện thoại, số chứng minh nhân dân, số định danh cá nhân, số hộ chiếu, số giấy phép lái xe, số biển số xe, số mã số thuế cá nhân, số bảo hiểm xã hội, số thẻ bảo hiểm y tế; thông tin về tài khoản số của cá nhân; dữ liệu phản ánh hoạt động, lịch sử hoạt động trên không gian mạng; và các thông tin khác gắn liền với một con người cụ thể. Theo Snippet B, chủ thể dữ liệu có quyền yêu cầu hạn chế xử lý dữ liệu cá nhân của mình, trừ trường hợp luật có quy định khác; việc hạn chế xử lý phải được thực hiện trong 72 giờ sau khi có yêu cầu của chủ thể dữ liệu, đối với toàn bộ dữ liệu cá nhân mà chủ thể dữ liệu yêu cầu hạn chế, trừ trường hợp luật có quy định khác.","['Stub context for Theo Snippet A, dữ liệu cá nhân bao gồm những loại thông tin nào và dữ liệu cá nhân cơ bản gồm các nhóm thông tin gì; đồng thời theo Snippet B, chủ thể dữ liệu có quyền gì đối với việc xử lý dữ liệu cá nhân của mình và việc hạn chế xử lý phải được thực hiện trong bao lâu sau khi có yêu cầu?']",multi_context,"Stub answer for: Theo Snippet A, dữ liệu cá nhân bao gồm những loại thông tin nào và dữ liệu cá nhân cơ bản gồm các nhóm thông tin gì; đồng thời theo Snippet B, chủ thể dữ liệu có quyền gì đối với việc xử lý dữ liệu cá nhân của mình và việc hạn chế xử lý phải được thực hiện trong bao lâu sau khi có yêu cầu?",0.56,0.65,0.52,0.6
"Theo Snippet A, những loại dữ liệu cá nhân nào được liệt kê là dữ liệu nhạy cảm, và theo Snippet B thì chủ thể dữ liệu có quyền gì đối với dữ liệu cá nhân của mình?","Snippet A liệt kê các dữ liệu nhạy cảm gồm: thông tin liên quan đến nguồn gốc chủng tộc, nguồn gốc dân tộc; thông tin về đặc điểm di truyền được thừa hưởng hoặc có được của cá nhân; thông tin về thuộc tính vật lý, đặc điểm sinh học riêng của cá nhân; thông tin về đời sống tình dục, xu hướng tình dục của cá nhân; dữ liệu về tội phạm, hành vi phạm tội được thu thập, lưu trữ bởi các cơ quan thực thi pháp luật; thông tin khách hàng của tổ chức tín dụng, chi nhánh ngân hàng nước ngoài, tổ chức cung ứng dịch vụ trung gian thanh toán và các tổ chức được phép khác; dữ liệu về vị trí của cá nhân được xác định qua dịch vụ định vị; và các dữ liệu cá nhân khác được pháp luật quy định là dữ liệu nhạy cảm. Snippet B nêu rằng chủ thể dữ liệu được truy cập để xem, chỉnh sửa hoặc yêu cầu chỉnh sửa dữ liệu cá nhân của mình, trừ trường hợp luật có quy định khác.","['Stub context for Theo Snippet A, những loại dữ liệu cá nhân nào được liệt kê là dữ liệu nhạy cảm, và theo Snippet B thì chủ thể dữ liệu có quyền gì đối với dữ liệu cá nhân của mình?']",multi_context,"Stub answer for: Theo Snippet A, những loại dữ liệu cá nhân nào được liệt kê là dữ liệu nhạy cảm, và theo Snippet B thì chủ thể dữ liệu có quyền gì đối với dữ liệu cá nhân của mình?",0.62,0.64,0.54,0.61
"Theo Snippet A, “xử lý dữ liệu cá nhân tự động” là gì, và theo Snippet B thì chủ thể dữ liệu có quyền gì đối với việc xử lý dữ liệu cá nhân của mình, trừ trường hợp nào?","Xử lý dữ liệu cá nhân tự động là hình thức xử lý dữ liệu cá nhân được thực hiện bằng phương tiện điện tử nhằm đánh giá, phân tích, dự đoán hoạt động của một con người cụ thể; còn chủ thể dữ liệu được đồng ý hoặc không đồng ý cho phép xử lý dữ liệu cá nhân của mình, trừ trường hợp quy định tại Điều 17 Nghị định này.","['Stub context for Theo Snippet A, “xử lý dữ liệu cá nhân tự động” là gì, và theo Snippet B thì chủ thể dữ liệu có quyền gì đối với việc xử lý dữ liệu cá nhân của mình, trừ trường hợp nào?']",multi_context,"Stub answer for: Theo Snippet A, “xử lý dữ liệu cá nhân tự động” là gì, và theo Snippet B thì chủ thể dữ liệu có quyền gì đối với việc xử lý dữ liệu cá nhân của mình, trừ trường hợp nào?",0.6,0.66,0.52,0.62
"Dựa trên cả Snippet A và Snippet B, hãy xác định: trong các nội dung được nêu, đâu là các nguyên tắc hợp pháp khi xử lý dữ liệu cá nhân và đâu là các hành vi bị nghiêm cấm liên quan đến bảo vệ dữ liệu cá nhân?","Snippet A nêu các nguyên tắc hợp pháp: dữ liệu cá nhân phải được xử lý theo quy định pháp luật; chủ thể dữ liệu được biết về hoạt động xử lý; chỉ xử lý đúng mục đích đã thông báo/đăng ký; thu thập phù hợp, giới hạn trong phạm vi cần thiết; và được cập nhật, bổ sung phù hợp với mục đích xử lý. Snippet B nêu các hành vi bị nghiêm cấm: xử lý dữ liệu cá nhân trái quy định pháp luật; tạo ra thông tin/dữ liệu để chống Nhà nước CHXHCN Việt Nam; tạo ra thông tin/dữ liệu gây ảnh hưởng đến an ninh quốc gia, trật tự an toàn xã hội, quyền và lợi ích hợp pháp của tổ chức, cá nhân khác; cản trở hoạt động bảo vệ dữ liệu cá nhân của cơ quan có thẩm quyền; và lợi dụng hoạt động bảo vệ dữ liệu cá nhân để vi phạm pháp luật.","['Stub context for Dựa trên cả Snippet A và Snippet B, hãy xác định: trong các nội dung được nêu, đâu là các nguyên tắc hợp pháp khi xử lý dữ liệu cá nhân và đâu là các hành vi bị nghiêm cấm liên quan đến bảo vệ dữ liệu cá nhân?']",multi_context,"Stub answer for: Dựa trên cả Snippet A và Snippet B, hãy xác định: trong các nội dung được nêu, đâu là các nguyên tắc hợp pháp khi xử lý dữ liệu cá nhân và đâu là các hành vi bị nghiêm cấm liên quan đến bảo vệ dữ liệu cá nhân?",0.58,0.65,0.54,0.63
"Dựa trên cả hai đoạn, hãy nêu các biện pháp bảo vệ dữ liệu cá nhân ở cấp độ lưu trữ/xử lý và ở cấp độ hợp tác quốc tế được đề cập là gì?","Đoạn A nêu dữ liệu cá nhân phải được áp dụng biện pháp bảo vệ, bảo mật trong quá trình xử lý để phòng, chống mất mát, phá hủy hoặc thiệt hại do sự cố, sử dụng các biện pháp kỹ thuật; dữ liệu cá nhân chỉ được lưu trữ trong thời gian phù hợp với mục đích xử lý, trừ trường hợp pháp luật có quy định khác; và bên kiểm soát, bên kiểm soát và xử lý dữ liệu cá nhân phải có trách nhiệm xử lý dữ liệu đó. Đoạn B nêu các biện pháp hợp tác quốc tế gồm xây dựng cơ chế hợp tác quốc tế; tham gia tương trợ tư pháp về bảo vệ dữ liệu cá nhân của các quốc gia khác; tổ chức hội nghị, hội thảo, nghiên cứu khoa học và thúc đẩy hợp tác quốc tế; tổ chức các cuộc gặp song phương, đa phương, trao đổi kinh nghiệm xây dựng pháp luật và thực tiễn bảo vệ dữ liệu cá nhân; và chuyển giao công nghệ phục vụ bảo vệ dữ liệu cá nhân.","['Stub context for Dựa trên cả hai đoạn, hãy nêu các biện pháp bảo vệ dữ liệu cá nhân ở cấp độ lưu trữ/xử lý và ở cấp độ hợp tác quốc tế được đề cập là gì?']",multi_context,"Stub answer for: Dựa trên cả hai đoạn, hãy nêu các biện pháp bảo vệ dữ liệu cá nhân ở cấp độ lưu trữ/xử lý và ở cấp độ hợp tác quốc tế được đề cập là gì?",0.56,0.64,0.52,0.59
"Theo hai đoạn trích, việc bảo vệ dữ liệu cá nhân được thực hiện theo những quy định nào, và cơ quan/tổ chức/cá nhân vi phạm quy định bảo vệ dữ liệu cá nhân có thể bị xử lý ra sao?","Việc bảo vệ dữ liệu cá nhân được thực hiện theo quy định của các điều ước quốc tế mà Việt Nam là thành viên, các quy định khác của luật có liên quan và Nghị định này; còn cơ quan, tổ chức, cá nhân vi phạm quy định bảo vệ dữ liệu cá nhân tùy theo mức độ có thể bị xử lý kỷ luật, xử phạt vi phạm hành chính hoặc bị xử lý hình sự theo quy định.","['Stub context for Theo hai đoạn trích, việc bảo vệ dữ liệu cá nhân được thực hiện theo những quy định nào, và cơ quan/tổ chức/cá nhân vi phạm quy định bảo vệ dữ liệu cá nhân có thể bị xử lý ra sao?']",multi_context,"Stub answer for: Theo hai đoạn trích, việc bảo vệ dữ liệu cá nhân được thực hiện theo những quy định nào, và cơ quan/tổ chức/cá nhân vi phạm quy định bảo vệ dữ liệu cá nhân có thể bị xử lý ra sao?",0.62,0.66,0.54,0.6
"Dựa trên cả Snippet A và Snippet B, hãy xác định nội dung nào được liệt kê về trách nhiệm của cơ quan có thẩm quyền trong bảo vệ dữ liệu cá nhân, và cho biết hai đoạn có khác nhau về mặt nội dung hay không?","Hai đoạn A và B có nội dung giống nhau, đều liệt kê các trách nhiệm như ban hành/chỉ đạo thực hiện văn bản pháp luật, xây dựng và tổ chức thực hiện chiến lược/chính sách/kế hoạch, hướng dẫn biện pháp và tiêu chuẩn, tuyên truyền phổ biến kiến thức, đào tạo bồi dưỡng cán bộ, giải quyết khiếu nại tố cáo và xử lý vi phạm, तथा thống kê/thông tin/báo cáo về tình hình bảo vệ dữ liệu cá nhân.","['Stub context for Dựa trên cả Snippet A và Snippet B, hãy xác định nội dung nào được liệt kê về trách nhiệm của cơ quan có thẩm quyền trong bảo vệ dữ liệu cá nhân, và cho biết hai đoạn có khác nhau về mặt nội dung hay không?']",multi_context,"Stub answer for: Dựa trên cả Snippet A và Snippet B, hãy xác định nội dung nào được liệt kê về trách nhiệm của cơ quan có thẩm quyền trong bảo vệ dữ liệu cá nhân, và cho biết hai đoạn có khác nhau về mặt nội dung hay không?",0.6,0.65,0.52,0.61
Tại sao doanh nghiệp cần phải có nhân viên bảo vệ dữ liệu cá nhân theo Nghị định 13/2023?,"Doanh nghiệp cần nhân viên bảo vệ dữ liệu để đảm bảo tuân thủ, lập hồ sơ đánh giá tác động và báo cáo cơ quan khi có sự cố.",['Stub context for Tại sao doanh nghiệp cần phải có nhân viên bảo vệ dữ liệu cá nhân theo Nghị định 13/2023?'],reasoning,Stub answer for: Tại sao doanh nghiệp cần phải có nhân viên bảo vệ dữ liệu cá nhân theo Nghị định 13/2023?,0.64,0.7,0.6,0.68
Điều kiện nào doanh nghiệp phải đáp ứng trước khi xử lý dữ liệu cá nhân nhạy cảm?,"Phải có sự đồng ý rõ ràng của chủ thể dữ liệu, cơ sở pháp lý hợp lệ, và thông báo mục đích xử lý.",['Stub context for Điều kiện nào doanh nghiệp phải đáp ứng trước khi xử lý dữ liệu cá nhân nhạy cảm?'],reasoning,Stub answer for: Điều kiện nào doanh nghiệp phải đáp ứng trước khi xử lý dữ liệu cá nhân nhạy cảm?,0.62,0.72,0.58,0.69
"Nếu vi phạm quyền xóa dữ liệu của khách hàng, hậu quả pháp lý là gì?","Doanh nghiệp có thể bị xử phạt hành chính, yêu cầu khắc phục và bồi thường thiệt hại cho chủ thể dữ liệu.","['Stub context for Nếu vi phạm quyền xóa dữ liệu của khách hàng, hậu quả pháp lý là gì?']",reasoning,"Stub answer for: Nếu vi phạm quyền xóa dữ liệu của khách hàng, hậu quả pháp lý là gì?",0.68,0.71,0.6,0.65
Tại sao cần phân biệt dữ liệu cá nhân cơ bản và nhạy cảm?,Dữ liệu nhạy cảm có nguy cơ gây hại cao hơn nên cần biện pháp bảo vệ chặt hơn và yêu cầu đồng ý rõ ràng.,['Stub context for Tại sao cần phân biệt dữ liệu cá nhân cơ bản và nhạy cảm?'],reasoning,Stub answer for: Tại sao cần phân biệt dữ liệu cá nhân cơ bản và nhạy cảm?,0.66,0.7,0.58,0.66
"Khi báo cáo tài chính ghi nhận thuế GTGT phải nộp, điều đó phản ánh điều gì?","Doanh thu từ hàng hóa, dịch vụ vượt mức thuế đầu vào, cho thấy hoạt động kinh doanh tạo ra giá trị gia tăng.","['Stub context for Khi báo cáo tài chính ghi nhận thuế GTGT phải nộp, điều đó phản ánh điều gì?']",reasoning,"Stub answer for: Khi báo cáo tài chính ghi nhận thuế GTGT phải nộp, điều đó phản ánh điều gì?",0.64,0.72,0.6,0.67
Tại sao Nghị định yêu cầu gửi thông báo cho Bộ Công an khi xử lý dữ liệu nhạy cảm quy mô lớn?,"Vì rủi ro cao gây tổn hại đến nhiều người, cần cơ quan nhà nước giám sát để bảo vệ an ninh dữ liệu.",['Stub context for Tại sao Nghị định yêu cầu gửi thông báo cho Bộ Công an khi xử lý dữ liệu nhạy cảm quy mô lớn?'],reasoning,Stub answer for: Tại sao Nghị định yêu cầu gửi thông báo cho Bộ Công an khi xử lý dữ liệu nhạy cảm quy mô lớn?,0.62,0.71,0.58,0.68
Làm thế nào xác định liệu tổ chức là bên kiểm soát hay bên xử lý dữ liệu?,Bên kiểm soát quyết định mục đích và phương tiện; bên xử lý chỉ thực hiện theo hướng dẫn của bên kiểm soát.,['Stub context for Làm thế nào xác định liệu tổ chức là bên kiểm soát hay bên xử lý dữ liệu?'],reasoning,Stub answer for: Làm thế nào xác định liệu tổ chức là bên kiểm soát hay bên xử lý dữ liệu?,0.68,0.7,0.6,0.69
Nghị định quy định thời hạn xử lý yêu cầu của chủ thể dữ liệu là bao lâu và tại sao quan trọng?,"Thời hạn là 72 giờ, đảm bảo quyền cá nhân được đáp ứng kịp thời trong các tình huống khẩn cấp.",['Stub context for Nghị định quy định thời hạn xử lý yêu cầu của chủ thể dữ liệu là bao lâu và tại sao quan trọng?'],reasoning,Stub answer for: Nghị định quy định thời hạn xử lý yêu cầu của chủ thể dữ liệu là bao lâu và tại sao quan trọng?,0.66,0.72,0.58,0.65
Tại sao doanh nghiệp cần lưu trữ hồ sơ đánh giá tác động xử lý dữ liệu?,"Để chứng minh tuân thủ, xác định rủi ro trước khi xử lý, và làm căn cứ khi có tranh chấp.",['Stub context for Tại sao doanh nghiệp cần lưu trữ hồ sơ đánh giá tác động xử lý dữ liệu?'],reasoning,Stub answer for: Tại sao doanh nghiệp cần lưu trữ hồ sơ đánh giá tác động xử lý dữ liệu?,0.64,0.71,0.6,0.66
"Nếu thuế GTGT đầu ra lớn hơn đầu vào được khấu trừ, nghĩa vụ thuế là gì?",Doanh nghiệp phải nộp phần chênh lệch cho ngân sách nhà nước.,"['Stub context for Nếu thuế GTGT đầu ra lớn hơn đầu vào được khấu trừ, nghĩa vụ thuế là gì?']",reasoning,"Stub answer for: Nếu thuế GTGT đầu ra lớn hơn đầu vào được khấu trừ, nghĩa vụ thuế là gì?",0.62,0.7,0.58,0.67
Nghị định 13/2023/NĐ-CP có hiệu lực từ ngày nào?,Nghị định có hiệu lực từ ngày 01 tháng 7 năm 2023.,['Stub context for Nghị định 13/2023/NĐ-CP có hiệu lực từ ngày nào?'],simple,Stub answer for: Nghị định 13/2023/NĐ-CP có hiệu lực từ ngày nào?,0.78,0.82,0.7,0.78
Thời hạn lưu trữ hồ sơ đánh giá tác động xử lý dữ liệu cá nhân là bao nhiêu năm?,Ít nhất 5 năm.,['Stub context for Thời hạn lưu trữ hồ sơ đánh giá tác động xử lý dữ liệu cá nhân là bao nhiêu năm?'],simple,Stub answer for: Thời hạn lưu trữ hồ sơ đánh giá tác động xử lý dữ liệu cá nhân là bao nhiêu năm?,0.76,0.81,0.68,0.79
