question,answer,accuracy,relevance,conciseness,helpfulness,overall
Nghị định 13/2023/NĐ-CP quy định về vấn đề gì?,Stub answer for: Nghị định 13/2023/NĐ-CP quy định về vấn đề gì? (dense retrieval: text-embedding-3-small),4,4,3,4,3.75
Nghị định 13/2023/NĐ-CP áp dụng đối với những đối tượng nào?,Stub answer for: Nghị định 13/2023/NĐ-CP áp dụng đối với những đối tượng nào? (dense retrieval: text-embedding-3-small),4,4,3,4,3.75
"Theo Nghị định, dữ liệu cá nhân là gì?","Stub answer for: Theo Nghị định, dữ liệu cá nhân là gì? (dense retrieval: text-embedding-3-small)",4,4,3,4,3.75
Dữ liệu cá nhân cơ bản gồm những nhóm thông tin nào?,Stub answer for: Dữ liệu cá nhân cơ bản gồm những nhóm thông tin nào? (dense retrieval: text-embedding-3-small),4,4,3,4,3.75
Dữ liệu cá nhân nhạy cảm là gì?,Stub answer for: Dữ liệu cá nhân nhạy cảm là gì? (dense retrieval: text-embedding-3-small),4,4,3,4,3.75
Quan điểm chính trị và quan điểm tôn giáo thuộc loại dữ liệu nào?,Stub answer for: Quan điểm chính trị và quan điểm tôn giáo thuộc loại dữ liệu nào? (dense retrieval: text-embedding-3-small),4,4,3,4,3.75
Thông tin về nhóm máu có phải là dữ liệu cá nhân nhạy cảm theo Nghị định không?,Stub answer for: Thông tin về nhóm máu có phải là dữ liệu cá nhân nhạy cảm theo Nghị định không? (dense retrieval: text-embedding-3-small),4,4,3,4,3.75
Bảo vệ dữ liệu cá nhân được hiểu là gì?,Stub answer for: Bảo vệ dữ liệu cá nhân được hiểu là gì? (dense retrieval: text-embedding-3-small),4,4,3,4,3.75
Chủ thể dữ liệu là ai?,Stub answer for: Chủ thể dữ liệu là ai? (dense retrieval: text-embedding-3-small),4,4,3,4,3.75
Xử lý dữ liệu cá nhân bao gồm những hoạt động nào?,Stub answer for: Xử lý dữ liệu cá nhân bao gồm những hoạt động nào? (dense retrieval: text-embedding-3-small),4,4,3,4,3.75
Bên kiểm soát dữ liệu cá nhân là gì?,Stub answer for: Bên kiểm soát dữ liệu cá nhân là gì? (dense retrieval: text-embedding-3-small),4,4,3,4,3.75
Bên xử lý dữ liệu cá nhân là gì?,Stub answer for: Bên xử lý dữ liệu cá nhân là gì? (dense retrieval: text-embedding-3-small),4,4,3,4,3.75
Bên kiểm soát và xử lý dữ liệu cá nhân là gì?,Stub answer for: Bên kiểm soát và xử lý dữ liệu cá nhân là gì? (dense retrieval: text-embedding-3-small),4,4,3,4,3.75
Chuyển dữ liệu cá nhân ra nước ngoài được hiểu như thế nào?,Stub answer for: Chuyển dữ liệu cá nhân ra nước ngoài được hiểu như thế nào? (dense retrieval: text-embedding-3-small),4,4,3,4,3.75
Nguyên tắc nào yêu cầu dữ liệu cá nhân chỉ được xử lý đúng với mục đích đã đăng ký hoặc tuyên bố?,Stub answer for: Nguyên tắc nào yêu cầu dữ liệu cá nhân chỉ được xử lý đúng với mục đích đã đăng ký hoặc tuyên bố? (dense retrieval: text-embedding-3-small),4,4,3,4,3.75
Dữ liệu cá nhân được lưu trữ trong bao lâu theo nguyên tắc chung?,Stub answer for: Dữ liệu cá nhân được lưu trữ trong bao lâu theo nguyên tắc chung? (dense retrieval: text-embedding-3-small),4,4,3,4,3.75
Hành vi nào bị nghiêm cấm theo Điều 8 của Nghị định?,Stub answer for: Hành vi nào bị nghiêm cấm theo Điều 8 của Nghị định? (dense retrieval: text-embedding-3-small),4,4,3,4,3.75
Chủ thể dữ liệu có quyền được biết trong trường hợp nào?,Stub answer for: Chủ thể dữ liệu có quyền được biết trong trường hợp nào? (dense retrieval: text-embedding-3-small),4,4,3,4,3.75
Chủ thể dữ liệu có quyền rút lại sự đồng ý không?,Stub answer for: Chủ thể dữ liệu có quyền rút lại sự đồng ý không? (dense retrieval: text-embedding-3-small),4,4,3,4,3.75
"Khi chủ thể dữ liệu yêu cầu hạn chế xử lý dữ liệu, việc hạn chế phải được thực hiện trong bao lâu?","Stub answer for: Khi chủ thể dữ liệu yêu cầu hạn chế xử lý dữ liệu, việc hạn chế phải được thực hiện trong bao lâu? (dense retrieval: text-embedding-3-small)",4,4,3,4,3.75
"Khi chủ thể dữ liệu yêu cầu phản đối xử lý dữ liệu, bên kiểm soát phải thực hiện trong bao lâu?","Stub answer for: Khi chủ thể dữ liệu yêu cầu phản đối xử lý dữ liệu, bên kiểm soát phải thực hiện trong bao lâu? (dense retrieval: text-embedding-3-small)",4,4,3,4,3.75
Chủ thể dữ liệu có quyền yêu cầu cung cấp dữ liệu của chính mình không?,Stub answer for: Chủ thể dữ liệu có quyền yêu cầu cung cấp dữ liệu của chính mình không? (dense retrieval: text-embedding-3-small),4,4,3,4,3.75
Chủ thể dữ liệu có những nghĩa vụ gì đối với dữ liệu cá nhân của người khác?,Stub answer for: Chủ thể dữ liệu có những nghĩa vụ gì đối với dữ liệu cá nhân của người khác? (dense retrieval: text-embedding-3-small),4,4,3,4,3.75
Sự đồng ý của chủ thể dữ liệu có hiệu lực khi nào?,Stub answer for: Sự đồng ý của chủ thể dữ liệu có hiệu lực khi nào? (dense retrieval: text-embedding-3-small),4,4,3,4,3.75
Sự đồng ý của chủ thể dữ liệu phải được thể hiện như thế nào?,Stub answer for: Sự đồng ý của chủ thể dữ liệu phải được thể hiện như thế nào? (dense retrieval: text-embedding-3-small),4,4,3,4,3.75
Chính phủ thống nhất quản lý nhà nước về nội dung gì?,Stub answer for: Chính phủ thống nhất quản lý nhà nước về nội dung gì? (dense retrieval: text-embedding-3-small),4,4,3,4,3.75
Nội dung quản lý nhà nước về bảo vệ dữ liệu cá nhân có bao nhiêu nhóm nội dung chính?,Stub answer for: Nội dung quản lý nhà nước về bảo vệ dữ liệu cá nhân có bao nhiêu nhóm nội dung chính? (dense retrieval: text-embedding-3-small),4,4,3,4,3.75
"Theo Điều 4, vi phạm quy định về bảo vệ dữ liệu cá nhân có thể bị xử lý như thế nào?","Stub answer for: Theo Điều 4, vi phạm quy định về bảo vệ dữ liệu cá nhân có thể bị xử lý như thế nào? (dense retrieval: text-embedding-3-small)",4,4,3,4,3.75
"Theo Điều 6, việc bảo vệ dữ liệu cá nhân được thực hiện theo những nguồn quy định nào?","Stub answer for: Theo Điều 6, việc bảo vệ dữ liệu cá nhân được thực hiện theo những nguồn quy định nào? (dense retrieval: text-embedding-3-small)",4,4,3,4,3.75
"Theo Điều 10, chủ thể dữ liệu có nghĩa vụ gì đầu tiên?","Stub answer for: Theo Điều 10, chủ thể dữ liệu có nghĩa vụ gì đầu tiên? (dense retrieval: text-embedding-3-small)",4,4,3,4,3.75
